{
    "loss": 1.3356291055679321,
    "accuracy": 0.8819684982299805
}